FID,IID,PC1,PC2,PC3,PC4,PC5,PC6,PC7,PC8,PC9,PC10,PC11,PC12,PC13,PC14,PC15,PC16,PC17,PC18,PC19,PC20
282set,33-16,-0.0155181,0.0358313,-0.00904438,0.00767922,-0.0379769,-0.00118963,-0.0178065,-0.00404215,0.00639416,0.0112271,0.00299583,0.0427973,-0.00901627,-0.00471065,0.0559873,-0.0114283,-0.00296312,0.0381385,0.0655977,0.0365058
282set,38-11Goodman-Buckler,-0.0405464,0.03797,0.00755179,-0.00685311,-0.0301401,-0.0349674,0.0336998,-0.0435671,0.114941,-0.0188075,0.0130701,-0.0215083,0.0193141,-0.0486605,-0.0648931,-0.0554621,0.0847597,-0.0114594,-0.0974393,0.00831385
282set,4226,-0.0132543,0.0306076,-0.0090114,0.00755871,-0.020484,-0.00550748,0.0341589,-0.0577174,0.0292505,-0.0571749,-0.0138832,0.0478559,-0.0776467,0.00545327,0.0239667,-0.00294782,-0.0111634,0.0304103,-0.0295511,-0.0129221
282set,4722,-0.0246142,0.0920462,-0.22294,-0.0674271,0.0770008,0.0582193,0.111875,0.0943551,0.0170346,0.0137435,0.0167852,-0.0195917,0.0398801,-0.024579,-0.0363462,-0.00203587,-0.0198727,0.0145858,0.0214501,0.0264197
282set,A6,0.0836813,-0.0398345,-0.011058,0.0389833,0.0250688,-0.00898356,-0.004072,0.0213229,0.00469083,-0.011292,-0.0576963,0.0180525,0.0543044,-0.00203195,0.0293768,0.00247597,0.00058557,-0.0154837,0.0188411,-0.0643198
282set,A188,-0.0138463,0.0469321,0.00121208,0.00287239,0.00209505,0.000885155,-0.00979031,-0.0190788,0.0157074,-0.00638157,-0.0285976,0.0374448,-0.0422298,0.0245953,0.0314166,-0.0135737,0.00912905,0.0287308,0.0122991,-0.0009446
282set,A214NGoodman-Buckler,-0.0544626,-0.0930842,-0.00311946,0.0907438,-0.0628716,0.165143,-0.00752537,0.0883238,0.0386626,0.0360499,-0.0122019,-0.0298695,0.0231734,0.0461709,0.0108067,-0.0337955,0.012297,-0.00345427,0.0210345,-0.0190839
282set,A239,-0.029017,0.0163904,0.0114376,0.0115533,-0.0541604,-0.0219934,0.0478656,-0.0313263,0.0408697,-0.0485539,-0.0112566,-0.00341673,-0.0872977,-0.0206982,-0.085925,-0.00233933,0.0792048,-0.0193575,-0.174107,0.000776082
282set,A441-5,0.0137139,0.014543,-0.00439852,0.0243674,0.0085686,0.00308663,0.00481132,-0.0101195,-0.00943317,-0.0419292,-0.0166956,0.0210052,-0.0216383,0.00739312,0.00561834,0.0200921,0.00395772,-0.0255944,0.023183,-0.00521626
282set,A554,-0.0240115,0.0308804,0.0150703,0.0147995,-0.0272032,-0.0242466,0.0795425,-0.109939,0.0263433,-0.0316031,0.0404689,-0.0526349,0.0487595,0.0169016,0.0677762,0.019026,-0.0399495,0.0361643,-0.0355799,-0.0161172
282set,A556,-0.028625,0.0333565,0.00374344,0.00377595,-0.0477703,-0.038013,-0.00888317,-0.00520338,-0.0231144,-0.0277674,-0.0133489,-0.0070834,-0.0221061,0.0219254,-0.0229349,0.0146919,0.0288901,-0.013448,-0.0295332,-0.0547042
282set,A619,-0.044544,0.0793589,0.0276747,-0.0523425,-0.176847,-0.168281,-0.0630577,0.246058,-0.0958168,-0.0162926,-0.00484854,-0.0497562,0.0596431,0.0374167,-0.00162911,0.0168369,-0.0211055,-0.0178813,0.0432389,-0.00288472
282set,A632,-0.101244,-0.0984104,0.00255916,0.0860535,-0.0840044,0.196964,-0.00343342,0.0699976,0.0405573,0.0535031,-0.00101583,-0.00941632,0.0243259,0.0143252,0.000301303,-0.00687218,-0.0121461,-0.0131932,0.0148778,-0.000835965
282set,A634,-0.0906316,-0.0885938,0.00299518,0.0770901,-0.0705756,0.174447,-0.00407971,0.0658999,0.0285348,0.0400268,0.0106739,-0.0218148,0.0378969,0.0109926,-0.000771932,-0.00919983,-0.0140475,-0.00618408,0.0236362,0.0149231
282set,A635,-0.0992752,-0.103709,0.0110755,0.0774659,-0.0716739,0.174257,-0.00402327,0.0668533,0.00320282,0.0263795,0.00752288,-0.0209268,0.0286207,0.00511707,0.00281122,0.00408259,-0.0190595,-0.00826659,0.0117449,0.015007
282set,A641,-0.0696116,-0.0486223,0.000212201,0.0560841,-0.0718907,0.125263,-0.00574544,0.0596759,0.015328,0.0243608,0.00515349,0.00280134,-0.00330509,0.024576,0.0544502,-0.0136302,-0.0130562,0.0429365,0.0102103,0.020862
282set,A654,-0.018178,0.0318055,0.0088077,0.0286907,-0.0637336,-0.0271788,0.0823835,-0.0890532,-0.00032657,-0.029008,0.0400675,-0.0325416,0.0209214,0.00816782,0.063515,0.0145402,-0.0217161,0.0581387,-0.0567388,-0.011044
282set,A659,-0.0291593,0.0182566,0.0230999,0.0104738,-0.0654053,-0.030046,0.0284884,0.00120084,0.00240983,-0.0624652,-0.0290135,0.0266439,-0.0789435,-0.00776523,-0.0540579,-0.0195342,0.0585162,-0.0408154,-0.141218,-0.0266047
282set,A661,-0.0258304,0.0258883,-0.00776336,0.00848256,-0.0312283,-0.00386204,0.0282579,-0.0281579,-0.0149329,-0.0455219,-0.00695198,0.0511836,-0.0725237,0.0344912,0.042441,0.00441163,-0.0244588,0.0479206,-0.0158148,-0.0400683
282set,A679,-0.106103,-0.147933,-0.0136937,-0.0589916,0.0908803,-0.0521619,-0.0212877,-0.0257341,-0.128996,-0.0789358,0.00850391,-0.0380628,0.00827477,-0.0405908,0.00913106,0.00684683,0.0179548,0.0203182,-0.0217852,0.0259654
282set,A680,-0.118947,-0.170259,-0.0148674,-0.0608131,0.0953866,-0.0492814,-0.0235596,-0.0173537,-0.142783,-0.085397,0.0109601,-0.0452695,0.0181143,-0.040323,0.0107609,0.0103589,0.0219845,0.0196372,-0.0190901,0.0287884
282set,A682,-0.0345411,0.0755842,0.121569,-0.0419091,0.0625533,0.0331485,0.00626395,0.0252515,0.0197073,0.0272362,-0.0634043,-0.0750109,-0.0713219,0.069767,-0.108258,-0.0618921,0.0581331,0.0347047,0.195238,0.0609847
282set,Ab28A,-0.00669974,0.0142908,0.0189288,0.0160881,-0.00132303,-0.00529373,0.0186107,-0.020622,0.0367383,-0.0447533,0.00819993,0.0800231,0.0791507,-0.190574,-0.0701851,-0.0537112,-0.00306757,-0.0179454,0.0173502,0.0263074
282set,B2,-0.0272658,0.00963381,0.024536,0.0157376,-0.0260863,-0.027715,0.0584456,-0.0703658,0.0277131,-0.0335224,-0.00557507,-4.62225e-06,-0.0364497,0.0187408,-0.0415441,-0.0115619,0.025629,-0.0369244,-0.0545749,-0.0139027
282set,B10,-0.067395,-0.052939,0.0113153,0.021988,-0.0315095,0.00803055,0.0403856,-0.0256853,0.0428945,-0.0270491,-0.0279947,-0.00723706,-0.0520132,0.033823,-0.0608007,-0.0158174,-0.00435087,-0.0139832,0.00701808,-0.0534483
282set,B14A,-0.115171,-0.133932,0.0054254,0.0857274,-0.0783884,0.197391,-0.000887438,0.082982,0.00994039,0.0293335,0.00331714,-0.0351987,0.0308635,0.011073,0.00154942,-0.0038727,-0.0130755,-0.0052779,0.00605358,0.00350139
282set,B37,-0.0743012,-0.0490773,-0.0138445,-0.075768,0.00323881,-0.10803,-0.0160307,0.010169,0.248892,0.214945,0.0395001,0.109641,-0.0290622,0.0260646,0.013056,0.0312957,-0.0550155,-0.0331851,0.00141494,6.71558e-05
282set,B46,-0.0527813,-0.0111363,0.0246994,0.0255193,-0.0509413,0.00762651,0.0366138,-0.00653748,0.041974,-0.0521454,-0.03381,0.00872466,-0.0662706,0.00662778,-0.0790872,-0.0135861,0.0323464,-0.0434465,-0.0920921,-0.0421527
282set,B52,-0.0355783,0.027763,0.020029,-0.00116447,-0.0316496,-0.0463646,0.0761089,-0.0700769,0.0655918,-0.00280639,0.0305896,-0.0370053,0.0444533,0.0178489,-0.010201,-0.0365166,0.0228663,0.0434058,-0.00175225,0.0176349
282set,B57,-0.0102295,0.0277279,0.00481355,0.0152991,-0.0273347,0.000350052,0.0182152,-0.0411788,-0.0263584,-0.00648956,-0.0138851,0.065096,-0.0591867,-0.000654973,0.0260314,0.0223329,-0.019987,0.0187484,0.00279632,-0.0348004
282set,B64,-0.0626953,-0.101277,-0.000682784,0.0957502,-0.069619,0.177193,-0.0124677,0.090089,0.0518518,0.0423454,0.0010527,-0.0330428,0.0416833,0.0134462,-0.0120102,-0.0187187,0.00277906,-0.00555914,0.0110743,0.0175314
282set,B68,-0.0871201,-0.112365,0.00103285,0.103104,-0.0895312,0.220095,-0.00826918,0.106321,0.0573041,0.0542467,-0.000912341,-0.0300717,0.046769,0.0298134,-0.00292232,-0.018339,-0.00373855,-0.00730977,0.0381293,0.00393358
282set,B73,-0.126404,-0.18272,-0.0147665,-0.0651717,0.100666,-0.0521544,-0.0238219,-0.0196079,-0.142732,-0.0858475,0.0111487,-0.0487089,0.0204282,-0.0393156,0.00496918,0.00890907,0.0240667,0.0198376,-0.0105096,0.0292553
282set,B73Htrhm,-0.125232,-0.181356,-0.0144755,-0.0648407,0.10042,-0.0532862,-0.0235136,-0.0208483,-0.141178,-0.0849513,0.0108505,-0.0487743,0.0204033,-0.0385701,0.00414541,0.00826246,0.0237364,0.0203476,-0.00997256,0.0284365
282set,B75,-0.0273733,0.0132228,0.0375664,0.0111187,-0.0312263,-0.0120043,0.0250566,0.00193986,-0.00815183,-0.0504115,-0.0365745,-0.00479716,-0.0326681,-0.0104574,-0.0668171,-0.00341636,0.033515,-0.0138445,-0.0582366,0.00298357
282set,B76,-0.0589014,-0.035626,-0.0113688,-0.0765098,0.00280909,-0.105339,-0.0193391,0.0176063,0.218685,0.203541,0.0389817,0.105694,-0.0429453,0.0378494,0.0248092,0.0308532,-0.0516131,-0.0236422,0.000195448,-0.00397195
282set,B77,-0.0079578,0.0484972,0.0224894,-0.00728977,0.00160817,-0.00865639,-0.029974,0.0258618,0.0312909,0.000720661,-0.0128713,0.00528512,-0.00164604,-0.0140038,0.00581315,-0.0176997,0.0482017,-0.00982723,0.0305401,0.00809851
282set,B79,-0.0462118,0.00775124,0.0167872,0.0111903,-0.0909496,-0.00629417,0.0142321,0.0518178,-0.0128394,-0.0204162,-0.00587076,0.00324824,-0.0203962,0.0286238,-0.0105107,0.00421892,0.00217501,-0.0154157,-0.040368,-0.0166966
282set,B84,-0.0846076,-0.0923948,-0.00484559,-0.00244978,-0.000733135,0.0178292,0.00349015,-0.00478671,-0.0275127,-0.0279454,0.0152624,0.00174121,0.0195994,-0.0362108,-0.0190838,0.0129098,0.0122349,-0.018786,-0.0114074,0.0178644
282set,B97,-0.0266966,0.0221193,0.0194228,0.0025664,-0.0252672,-0.0161622,0.0232484,-0.0427416,0.00566749,-0.0522445,-0.0197952,0.0127339,-0.0706133,0.0205279,-0.0363044,-0.0124108,0.0209783,-0.015864,-0.0887817,-0.0415099
282set,B103,-0.0477992,0.0258748,0.0224478,-0.0145078,-0.0148728,-0.0134017,0.0567071,-0.0165331,0.0850843,0.0363358,0.016637,-0.00609274,-0.0129227,0.0726522,0.0525868,0.0451268,-0.0490097,0.0103001,0.0323544,-0.0251983
282set,B104,-0.0867033,-0.0866391,0.00197419,-0.013025,0.00522554,-0.000293031,0.0154106,-0.00715247,-0.00273834,-0.0209518,-0.00292229,-0.0225648,0.00164934,-0.00601303,-0.000958517,-0.0181927,0.0189735,0.0221327,0.00608909,0.020051
282set,B105,-0.0497506,-0.0418349,-0.0107598,0.00380967,-0.008642,-0.0340756,0.0434728,-0.0413663,0.0436136,-0.0183926,0.0138687,0.0168461,-0.0652134,0.0020918,-0.0299487,0.0225487,-0.0108219,0.0120847,-0.0334128,-0.00261388
282set,B109,-0.107444,-0.148404,-0.0140246,-0.0527758,0.076715,-0.044724,-0.0189707,-0.0218842,-0.10087,-0.0791362,0.00765681,-0.035918,0.00944721,-0.0276272,-0.0107081,0.00220499,0.0288098,0.0168951,0.00725641,0.0235515
282set,B164,-0.0354214,0.002303,-0.000778416,0.0140608,-0.0255618,-0.0224798,0.0176351,-0.0579614,0.0449245,-0.00618053,-0.0311977,0.0250935,-0.0271589,-0.0288806,-0.0540093,-0.0155341,0.0230642,-0.0131399,-0.0547571,-0.0480703
282set,C49A,-0.0253774,0.0285928,-0.00907644,0.0226798,-0.0285356,0.0127858,0.0149436,-0.0375768,-0.0235112,-0.0414452,-0.00356559,0.0632577,-0.0715624,0.030046,0.0605846,0.0210651,-0.0126239,0.0522228,-0.0126433,-0.0224389
282set,C103,-0.0300251,0.101302,0.161567,-0.0656048,0.126461,0.0694009,-0.0184012,0.057946,-0.00951785,0.0758868,-0.046897,-0.0628505,-0.0475305,0.020375,-0.0556717,-0.0361515,0.0601338,0.00991777,0.0943539,0.0675256
282set,C123,-0.01935,0.0795449,0.110317,-0.0413541,0.0919413,0.0560332,-0.0193924,0.0384235,0.0185121,0.0335794,-0.0382721,-0.0235179,-0.0437339,-0.00105538,-0.0260924,-0.0226455,0.0653034,0.00469205,0.0105486,0.0713559
282set,CH9,-0.0230185,0.0243866,0.0153742,0.0363906,-0.0461083,-0.0159095,0.0917126,-0.11092,-0.00127513,-0.000656131,0.0545704,-0.077055,0.0787981,0.0097716,0.0651555,0.0215907,-0.00506109,0.0208174,-0.046833,0.015593
282set,CH701-30,-0.0249831,0.0173918,0.0117315,0.0264139,-0.0401934,-0.0181965,0.0313186,-0.0388986,-0.015684,-0.0335229,-0.0307403,0.011505,-0.0480374,-0.0135493,-0.010072,-0.0124483,0.0291078,-0.00146012,-0.0970609,-0.0169953
282set,CI3A,-0.0223649,0.0308669,-0.00224952,0.00665375,-0.0242197,0.000222555,-0.0127012,0.0177411,0.0637298,0.00497091,0.0257306,0.0493964,-0.0423703,-0.0591274,0.0291885,0.0138498,-0.0249151,0.0575659,-0.013414,0.039274
282set,Ci7Goodman-Buckler,-0.0259454,0.0274895,-0.00292787,0.00853223,-0.0290674,0.0104726,-0.0206078,-0.0297617,-0.0180982,-0.0509028,-0.00251536,0.0333897,-0.0331063,-0.0203277,0.0413424,0.0117053,-0.00051669,0.033375,0.0344027,0.0452412
282set,CI21E,-0.0384873,-0.0146902,-0.00166572,0.0103264,-0.0211485,-0.0108612,0.0280463,-0.0164168,-0.000344486,-0.0372302,0.0080004,0.0462445,0.0530272,-0.123668,-0.0345728,-0.00729907,-0.0150194,-0.0170096,0.00310109,-0.00266578
282set,CI28AGoodman-Buckler,-0.00406306,0.00730327,0.0180291,0.027442,-0.0172839,-0.0254465,0.0442955,-0.0647055,0.0278276,-0.0298839,0.00296243,-0.00235075,-0.0265304,0.0215255,-0.0274078,-0.00414315,0.0269895,-0.0745459,-0.0339685,0.0106204
282set,CI31A,-0.00954646,0.0211226,-0.00198621,-0.000455239,-0.0200092,-0.00984924,0.0243674,-0.0247719,0.00890788,-0.0131023,0.00314806,0.0653542,-0.0454748,0.0129541,0.00270228,0.0196654,-0.0461424,0.0071602,0.0136132,-0.0194047
282set,CI64,0.0104342,0.0271768,-0.0208465,0.0376247,0.00149532,0.00837666,0.0146094,-0.0561771,-0.0869393,-0.00251198,0.00032179,0.0381481,-0.0874366,0.0499438,0.169175,0.171119,-0.0128069,-0.368698,0.143877,0.1942
282set,CI66,0.00947771,0.0281536,0.00396669,0.0104123,-0.0133151,-0.008246,0.0106866,0.00919487,-0.0674429,-0.0255636,0.017787,0.10881,-0.0459572,0.000764479,0.101554,0.0069011,0.0197273,-0.0171805,0.0328879,-0.0354109
282set,Ci90CGoodman-Buckler,-0.00161469,0.0180987,0.0142015,0.00358773,-0.0433482,-0.0334011,-0.00609129,0.0322582,-0.074452,-0.0262711,-0.00129779,0.0167939,0.0054846,-0.0169538,0.012962,-0.028486,-0.00677387,-0.0157295,-0.0309543,-0.0643285
282set,Ci91BGoodman-Buckler,-0.0423545,0.00151693,0.0458841,-0.00667795,0.000380643,-0.0564758,0.0661122,-0.0718201,0.0476996,-0.0664493,-0.0476428,-0.0714682,-0.0458949,0.102822,-0.179153,-0.0786248,0.0383759,0.0352855,0.285668,0.00755695
282set,CI187-2,-0.0406361,0.00896755,0.0504704,-0.00777187,0.00329975,-0.0491803,0.0666326,-0.0791465,0.0335127,-0.0796862,-0.051216,-0.0839684,-0.053443,0.107129,-0.194832,-0.0807181,0.0458486,0.0402458,0.314668,0.0211346
282set,CM7,-0.0223051,0.050768,-0.0263909,0.00791161,-0.0109221,0.00245896,-0.0789345,-0.026602,0.000690767,-0.0888966,-0.0176586,0.0743431,-0.12715,-0.0521237,0.237523,-0.116305,-0.125121,0.393386,0.114253,0.131517
282set,CM37,-0.0193552,0.0475865,-0.025242,0.00198185,-0.013205,0.00460595,-0.0772459,-0.0276941,0.000501825,-0.0890604,-0.0180305,0.0725473,-0.127436,-0.0521498,0.236511,-0.116332,-0.124692,0.392085,0.114921,0.131827
282set,CM105,-0.0847603,-0.076401,0.00715736,0.0651543,-0.0834153,0.144301,0.000997411,0.0707395,0.00120091,0.0154744,-0.0159916,0.0210997,-0.0606633,0.0658806,0.0488373,0.00148511,-0.0398795,0.00962285,-0.0163232,-0.0494808
282set,CM174,-0.0821055,-0.0776645,0.00633934,0.0672883,-0.0797283,0.148263,0.00188682,0.0649162,0.00432561,0.0158775,-0.0162946,0.0232754,-0.0650314,0.0659142,0.0478583,3.15633e-05,-0.0402011,0.00989486,-0.0190962,-0.0497234
282set,CML5,0.0908471,-0.0329667,-0.0162993,0.0689207,0.0319056,-0.0412127,-0.0250754,0.0229804,-0.0138719,0.0183619,0.0873216,-0.0634103,-0.0853115,-0.00175091,-0.00708249,-0.104062,-0.0435998,0.0164134,-0.00182217,0.0302829
282set,CML10,0.0976277,-0.0369507,-0.0248806,0.0968678,0.0371296,-0.0473435,-0.0299825,0.051173,-0.00739249,0.0921113,0.232864,-0.146565,-0.196932,-0.0107448,-0.120528,-0.153888,-0.206514,-0.0582589,-0.142244,0.315001
282set,CML11,0.0993692,-0.0376333,-0.0238554,0.0962829,0.0377719,-0.0489605,-0.0304602,0.0528716,-0.0029251,0.0930871,0.231927,-0.150007,-0.196705,-0.0108994,-0.119118,-0.157417,-0.208987,-0.0594916,-0.145451,0.315977
282set,CML14,0.0881399,-0.0331091,-0.0149993,0.0497057,0.0242336,-0.0260754,-0.00331301,0.0197461,0.0123824,0.00292952,0.0251448,-0.0354746,-0.0343474,-0.010673,0.00880027,-0.0274869,-0.0217301,0.0266892,0.0233859,0.00562184
282set,CML38,0.0842735,-0.0289766,-0.0134531,0.0631739,0.0417803,-0.0168331,-0.00963342,0.0219664,0.0110109,0.0197387,-0.0475103,-0.0190026,0.0506595,-0.0210964,0.00788656,0.0153345,0.0406606,-0.0230353,-0.0128423,-0.0567255
282set,CML45,0.0887032,-0.0270934,-0.0133976,0.057774,0.0231907,-0.0256716,-0.0259059,0.0216365,-0.0149075,0.0135549,0.0344072,-0.0393517,0.00391912,0.000947392,0.0297968,-0.088276,0.00940164,-0.0376285,-0.00615222,-0.059572
282set,CML52,0.0778478,-0.0284156,-0.0175416,0.0463107,0.0348171,-0.0197808,-0.0140045,0.0113158,0.0237897,0.00660272,-0.0182367,-0.00379401,0.0475834,-0.0142465,0.0112929,-0.0205507,0.0247986,-0.011106,-0.0070283,-0.0393049
282set,CML61,0.081683,-0.0320184,-0.022373,0.0717184,0.0406186,-0.0300978,-0.0320369,0.0197287,-0.028536,0.015592,0.050724,-0.0180753,-0.0087725,0.0163811,0.0235638,-0.0887052,0.0299021,-0.00992526,0.0416031,-0.0856012
282set,CML69,0.0820299,-0.0263981,-0.0137704,0.0517413,0.0353253,-0.0179975,-0.0128219,0.0260543,-0.00429876,-0.0125904,-0.0600174,-0.0129657,0.0464744,0.0393315,0.0454918,-0.000465772,-0.00332434,0.00010195,-0.00646422,-0.0164835
282set,CML77,0.0668292,-0.0220369,-0.016089,0.0270738,0.0189699,-0.00518187,-0.00422872,0.0227589,-0.00611256,-0.000403541,0.019536,-0.0325467,0.000666749,0.00557806,-0.00192589,-0.0280724,-0.0234172,-0.00744275,-0.00906802,0.0185364
282set,CML91,0.0576228,-0.021028,-0.0172141,0.0536686,0.0218431,-0.0180366,-0.0159184,0.0137696,-0.00839877,0.027671,0.0814599,-0.0173611,-0.0435408,0.0299266,-0.00455528,-0.0489187,0.0159785,0.0238487,0.00958472,-0.01959
282set,CML92,0.0572751,-0.0301769,-3.28959e-05,0.0394504,0.0157025,-0.00445501,0.00709832,0.00935283,0.000219587,0.000772061,-0.0303964,-0.0112412,0.0173893,-0.00482043,0.0286198,-0.00972943,0.0279216,-0.0210151,-0.0188474,-0.0307429
282set,CML103,0.0566664,-0.012926,-0.00176343,0.0486747,0.0256936,-0.0159815,-0.0115291,0.00273178,-0.0397017,0.00494581,0.0467132,0.013174,-0.0561346,0.0361462,0.0461377,-0.0731403,0.00692809,0.0248571,0.0397565,-0.0629528
282set,CML108,0.0546653,-0.00989789,-0.000254547,0.0426904,0.0318499,-0.0291231,-0.0382718,0.0267655,-0.00645363,-0.00133645,0.0274966,-0.00824304,-0.042387,-0.00356234,0.0883161,-0.0989481,0.0356498,0.0315459,0.00568446,-0.0306036
282set,CML154Q,0.0800404,-0.0269041,-0.0124627,0.0555324,0.0270772,-0.0211158,-0.00930501,0.0213233,-0.00785833,-0.00328787,0.0160005,-0.0106469,0.00405074,-0.0167641,0.020328,-0.0423572,0.0160967,0.00961522,0.0288331,-0.0653212
282set,CML157Q,0.0783183,-0.0256673,-0.0175344,0.0566239,0.0223507,-0.0167414,-0.0178442,0.0165793,-0.0121101,-0.00674795,0.0037666,-0.0269471,0.010154,-0.0182954,0.0206261,0.00596242,0.0459158,0.0119059,0.0115927,-0.0548798
282set,CML158Q,0.0811683,-0.0234449,-0.0289056,0.0498552,0.0308046,-0.0115189,0.00253498,0.0277351,-0.00942985,-0.00245799,-0.0123805,-0.0252217,0.00620015,-0.01647,0.00954727,-0.0291315,0.026801,-0.00749305,0.0153903,-0.0344702
282set,CML218,0.0774,-0.0244156,-0.0131224,0.0533912,0.0301879,-0.0144473,-0.0190057,0.0174943,0.00766949,-0.00499604,-0.0395589,0.00208861,0.0373938,-0.0012809,0.013758,0.0100669,0.0507382,-0.0147545,0.0280495,-0.0523807
282set,CML220,0.0715365,-0.0253045,-0.00632967,0.0469073,0.0163569,-0.0145886,-0.00362035,0.00945489,0.00102208,-0.0181434,-0.0542087,0.00521258,0.0243415,-0.0033802,0.00865143,-0.00337323,0.0100464,-0.0080642,0.0063377,-0.042774
282set,CML228,0.0803131,-0.0301014,-0.00635729,0.0490215,0.0408318,-0.0350576,-0.0129026,0.0188215,0.0482873,-0.0522279,-0.194766,0.0121188,0.105405,0.0694778,-0.00393828,0.0567365,-0.0804019,0.0326339,-0.0793524,0.0943037
282set,CML238,0.0807024,-0.0247104,0.000240021,0.0494451,0.0300327,-0.0261344,-0.00248044,0.0202435,0.0213991,-0.00860014,-0.0377657,-0.0112513,0.0317495,-0.000963717,-0.00238939,-0.00826254,0.0021174,-0.03454,0.00764366,-0.0400182
282set,CML247,0.0931392,-0.0286885,-0.0160891,0.0586333,0.0191722,-0.0268236,-0.010912,0.0226426,0.0210287,0.0210077,0.0335734,-0.0411312,-0.0693463,-0.0198237,-0.0268083,-0.00508421,0.0237982,-0.0200202,-0.0433223,-0.00982094
282set,CML254,0.0829162,-0.029206,-0.0128498,0.0628269,0.0307968,-0.0319418,-0.0164428,0.0243425,-0.0134386,-0.00500374,0.0452384,-0.0327297,-0.0399299,0.0043206,0.0371119,-0.115684,-0.0229534,0.0120622,0.0157885,-0.0317269
282set,CML258,0.0874228,-0.0330747,-0.019944,0.0784115,0.0352477,-0.0412245,-0.0218564,0.026725,-0.0320801,0.0122883,0.0824017,-0.0726911,-0.0650697,0.00765824,-0.00475017,-0.106594,-0.046765,-0.0258176,0.00626248,0.0146433
282set,CML261,0.0803974,-0.0295682,-0.00685866,0.0660646,0.0335764,-0.0369497,-0.0158917,0.0156007,-0.0180782,-0.00953679,0.0262223,-0.0404676,-0.024719,0.017934,0.0236237,-0.078772,-0.0252272,-0.00563553,0.0140943,-0.0242722
282set,CML264,0.0826458,-0.033518,-0.0157531,0.074758,0.0344998,-0.0420684,-0.0178168,0.01689,-0.0294522,0.0175397,0.0459493,-0.0347736,-0.032686,0.0162379,0.00623043,-0.0563267,-0.00792315,-0.0200632,0.032756,-0.0672147
282set,CML277,0.0892992,-0.0284498,-0.0124965,0.0524934,0.0226473,-0.0288665,-0.0125824,0.0176147,-0.0232523,0.0185215,0.0563315,-0.0446006,-0.00109952,0.00945132,0.0140993,-0.0502549,-0.0100086,-0.0104371,0.0195353,-0.0804007
282set,CML281,0.0848947,-0.0313155,-0.0126196,0.0596951,0.037811,-0.0369019,-0.0174522,0.0210625,-0.000841994,0.00140442,0.0162474,-0.035618,-0.0185438,0.00954286,0.00643862,-0.0993696,-0.0174701,-0.0164762,-0.0200486,-0.0545543
282set,CML287,0.0825514,-0.0299375,-0.0132799,0.0590019,0.0233807,-0.0227178,-0.0120206,0.0219575,0.0120985,0.0172384,0.0219954,-0.0229917,-0.00269928,-0.0388286,-0.0139551,0.0235394,0.0268271,0.00332584,-0.00356483,-0.0114951
282set,CML311,0.0711867,-0.0115925,-0.0327258,0.0513664,0.0325058,-0.0153931,0.00262607,0.0206301,0.00875152,0.00118311,0.0169084,-0.0169179,0.00867376,0.00144173,0.00512245,-0.0433401,0.0449551,0.0105993,0.0205901,-0.0600149
282set,CML314,0.0858433,-0.0301565,-0.0155705,0.0650608,0.0248919,-0.0269137,-0.0210036,0.0243598,0.00266758,0.0241705,0.046687,-0.0393625,-0.0436153,-0.0126123,-0.0128832,-0.0166586,0.00965084,-0.0133065,-0.0101443,-0.0392862
282set,CML321,0.0787964,-0.021146,-0.00638245,0.0404798,0.0215751,-0.0146993,-0.0109209,0.0198968,-0.0137699,0.00989617,0.0287883,-0.0373353,-0.00777698,-0.00373252,0.0258313,-0.0274646,0.015129,-0.0187361,-0.00191325,-0.0174012
282set,CML322,0.0705934,-0.0392317,-0.0191197,0.0802643,0.00960112,-0.00567053,-0.027588,0.0418375,0.0416373,0.0403651,0.0508234,-0.0717943,-0.0855063,-0.134071,-0.104028,0.291177,0.0720391,0.107959,0.0376984,-0.0119816
282set,CML323,0.0502217,-0.0148654,-0.0140078,0.0440584,0.0276755,-0.00298185,-0.0253691,0.0103923,0.0299445,0.0102802,-0.0270596,0.0159155,0.0640552,-0.0573416,0.00367249,-0.00620804,0.0227616,-0.0299423,0.00534509,-0.0188982
282set,CML328,0.070903,-0.0158139,-0.0183739,0.0469132,0.0143995,-0.013763,-0.029027,0.00371185,0.0237876,-0.00786492,-0.0342856,-0.0183769,0.0402451,-0.00761737,0.00115982,0.0552958,0.0667435,0.0120929,0.0203345,-0.0401032
282set,CML331,0.0864682,-0.0364488,-0.0272443,0.0875666,0.0214545,-0.0270856,-0.0334858,0.0517183,0.0258408,0.0561971,0.0781331,-0.0995465,-0.138433,-0.140428,-0.106771,0.451373,0.0875863,0.183613,0.0659224,-0.0561291
282set,CML332,0.0955917,-0.0387501,-0.0281656,0.0871706,0.0237476,-0.0282848,-0.0334484,0.0547693,0.0309891,0.0553954,0.0773909,-0.104898,-0.148074,-0.15696,-0.106331,0.475972,0.0941986,0.193404,0.0594255,-0.0401643
282set,CML333,0.0614409,-0.0228887,-0.00460001,0.0507917,0.0255877,-0.0153184,-0.007975,0.00780686,0.0284453,-0.0203443,-0.0220139,-0.0161656,0.00357132,-0.000863698,0.00381382,0.000581441,0.0239937,-0.0215224,-0.00160119,-0.0349394
282set,CML341,0.0780939,-0.0320008,-0.0131773,0.0571727,0.0448117,-0.037243,-0.0244586,0.0243598,-0.0189314,0.0182147,0.0422864,-0.0423982,-0.00449686,0.0232296,0.0308543,-0.118392,-0.0167367,-0.0441164,-0.0101821,-0.0992663
282set,CMV3,-0.0230177,0.0185664,-0.00167396,0.0246819,-0.0474573,0.024989,-0.00321768,-0.00534282,-0.0143035,-0.00992873,-0.0204732,0.0751094,-0.108132,0.0430947,0.0657242,0.00159502,-0.0402774,0.0432594,-0.025962,-0.0559612
282set,CO106,-0.0218778,0.041714,-0.0100061,0.00787515,-0.01187,0.0124764,0.00694017,-0.0371963,0.000913025,-0.062807,0.00256593,0.02822,-0.0532098,0.0346869,0.0258209,0.00741384,-0.00278767,0.0245363,0.00222031,-0.022541
282set,CO125,-0.0184314,0.0406326,-0.00317933,-0.00274208,-0.00065466,-0.0122291,0.00965664,-0.0101526,0.0250436,-0.0544922,-0.00984681,0.0468216,-0.0576648,0.00891227,0.0846322,-0.0124813,-0.0361946,0.0774159,-0.0129121,0.00921465
282set,CO255,-0.014323,0.0665287,-0.0782171,-0.00789229,0.00489529,0.020128,-0.159207,-0.0351497,0.0392578,0.0636446,0.0120366,-0.0372492,0.062581,0.0188026,0.13218,-0.0699819,0.425009,0.0346991,-0.0813302,0.117177
282set,D940Y,0.00232255,0.0299413,0.0133403,0.0246599,0.0169275,0.00880146,0.00693297,-0.0096258,-0.025043,-0.0232386,-0.0616874,-0.00696142,-0.0507107,0.0268005,0.0307479,0.0238446,-0.00841062,-0.0972018,0.055569,-0.0412725
282set,DE-2,-0.0202004,0.0322419,0.0289608,0.00647276,-0.0372024,-0.0345998,0.0722457,-0.0373684,0.0263978,-0.0456256,0.00659431,-0.0123957,-0.0418287,0.0945487,0.0458041,0.0946509,-0.10278,0.00282613,0.0278546,-0.0997234
282set,DE1,-0.01668,0.0366216,0.0294848,0.00625978,-0.0354353,-0.0309656,0.076686,-0.0441195,0.0410233,-0.0428138,0.0121439,-0.00826132,-0.038467,0.0980101,0.0477373,0.0943215,-0.100553,0.00363652,0.0259289,-0.0989452
282set,DE811,-0.063731,-0.060995,0.0321027,0.0565535,-0.0345742,0.155646,-0.0182609,0.075824,0.0700344,0.0499246,-0.00335083,-0.0213505,0.0369822,0.01834,-0.0152898,-0.0240539,-0.00481444,-0.0132808,0.0564967,0.00685055
282set,E2558W,0.00315889,0.0272834,-0.0164043,0.0276484,-0.00446155,0.00550376,0.0280825,-0.0348926,-0.0350352,-0.0563554,0.0356189,0.0462626,-0.0266595,0.0157785,0.0981432,0.0862191,0.0130777,-0.14901,0.0673338,0.130068
282set,EP1,-0.00174864,0.0640836,-0.0891183,-0.0104832,0.0275928,0.0149535,-0.187988,-0.0427185,0.0436172,0.0744912,-0.0018853,-0.0524656,0.0584033,0.0378319,0.126051,-0.0664856,0.358475,0.016792,-0.0365491,0.108692
282set,F6,0.00760696,0.0254198,-0.00226287,0.0169929,0.00350718,0.000956119,0.0210132,-0.0170665,-0.0209891,-0.0205042,-0.0189459,0.0711134,-0.0467288,-0.0280156,-0.0263653,-0.00769847,0.00293639,-0.00278869,-0.0481828,-0.0262802
282set,F7,-0.0145562,0.0723352,-0.0911881,-0.0119768,0.00753293,0.0318321,-0.183927,-0.0380086,0.0647088,0.0522576,-0.00300244,-0.0612962,0.0600748,-0.00612233,0.113342,-0.0387449,0.371664,0.0091339,-0.0650889,0.11293
282set,F44,0.00623083,0.0151682,-0.0140497,0.0194365,0.00359947,0.0127022,-0.0111628,-0.0351743,-0.0342796,0.0041802,0.00596909,0.0907585,-0.0094729,-0.0130969,-0.0282669,-0.00924608,0.031277,-0.0253188,-0.0707153,-0.00635758
282set,F2834T,0.0314409,0.00118531,-0.0257765,0.0355747,0.00748644,8.90021e-06,0.003941,0.0011026,-0.014018,-0.0128986,0.00432143,0.0494865,-0.00284961,-0.00891634,0.0167394,0.0366085,-0.00338771,-0.0248392,0.0234239,0.00879553
282set,GA209,-0.00556432,0.0195775,-0.0126357,0.016206,0.00875593,0.0192648,-0.0136737,-0.0230801,-0.0265887,-0.00691048,0.0107527,0.0787983,-0.0159961,-0.000553549,0.0113435,0.0205831,0.00658569,-0.0152622,0.0178928,-0.0234577
282set,GT112,0.016589,0.0086618,0.0197246,0.0332405,-0.00707568,0.0056493,0.00957102,-0.0202031,0.0392059,-0.0371907,0.0269754,0.19684,0.160106,-0.378287,-0.123646,-0.0730081,-0.0437689,-0.0635363,0.109219,0.0585934
282set,H49,-0.02505,0.0276153,0.0403741,0.048343,-0.0592835,-0.026013,0.117196,-0.133124,-0.00336974,0.0342299,0.115827,-0.138467,0.204401,-0.0113619,0.0922306,0.0285227,-0.0461168,0.0555414,-0.013226,0.0197051
282set,H84,-0.0578981,-0.0252644,-0.0121135,-0.046142,-0.0114158,-0.0608036,-0.00847147,0.0168222,0.173097,0.168245,0.0601085,0.0817806,0.00872279,0.00126081,0.0143349,0.0414201,-0.0332142,-0.0150386,0.0113883,0.0379888
282set,H91,-0.105867,-0.121873,0.00654623,0.0873532,-0.0804105,0.191733,0.00452335,0.0807398,0.0232793,0.0384862,0.00383632,-0.0212403,0.0347793,0.00642794,-0.00218959,-0.0061884,-0.0124748,-0.00235136,0.0186155,0.00422842
282set,H95,-0.0203385,0.0491946,0.0130161,-0.0409242,-0.105744,-0.112677,-0.0403227,0.169769,-0.0529121,-0.0124006,-0.00293463,-0.0019401,0.0453722,-0.0164692,0.0154482,-0.0204841,-0.00406607,-0.0223775,-0.00217081,-0.0390723
282set,H99,-0.0292555,0.0482345,0.00946563,-0.0223215,-0.0848636,-0.0824849,-0.0420264,0.0876925,-0.0280825,-0.0120503,-0.0324009,-0.0063637,0.00635579,-0.00994531,0.0158628,-0.0125597,-0.0153231,0.0163417,0.0138236,-0.0239455
282set,H105W,-0.0750141,-0.061559,-0.00207446,0.066393,-0.0647387,0.154287,0.00248265,0.0545903,0.0248327,0.0563076,-0.00877417,0.00951034,0.0119403,0.030428,0.0115639,-0.00754383,-0.00925685,-0.00685621,0.025892,0.00184107
282set,Hi27Goodman-Buckler,0.0252537,-0.0572118,-0.00804232,0.0619724,-0.0204855,0.0716301,-0.0142036,0.0429999,0.0560144,0.0268306,-0.0211218,-0.000909553,0.0724082,-0.0356912,-0.0173215,-0.0391613,0.0274234,-0.000303493,0.0108186,-0.00392655
282set,HP301,-0.0292231,0.105057,-0.286239,-0.0939225,0.118869,0.0634679,0.196869,0.126783,0.00435269,0.00243808,-0.00169953,-0.0363547,0.0171964,-0.000799534,-0.0141209,-0.0170403,-0.0057263,0.00498744,0.0108594,3.32694e-05
282set,I29,-0.0138513,0.0534492,-0.111937,-0.0152588,0.0222758,0.0435356,-0.00590163,-0.0120347,-0.0428366,-0.0215245,-0.0100991,-0.0143651,-0.0247039,0.0106423,0.00111309,0.0206398,0.0318661,-0.0314123,-0.0343536,0.00191943
282set,I137TN,0.0266182,0.0174059,-0.0201436,0.0223707,0.0047654,-0.0144013,-0.0110164,0.00669468,0.0139761,-0.012249,0.000100953,0.0267462,-0.0129077,-0.0112298,0.0490765,0.00647475,0.0231067,-0.0114024,0.0390538,0.0155115
282set,I205,-0.038987,0.00720052,0.00616902,0.0174119,-0.0387777,-0.000584532,0.0556092,-0.0551216,0.037365,-0.0480698,-0.00576349,-0.0275145,-0.0126961,-0.0157216,-0.0445368,0.0140696,-0.0168955,0.0136214,0.0106612,-0.00464663
282set,i1677a,-0.0315041,0.0840308,-0.099814,-0.0208926,0.00646718,0.0550279,-0.22517,-0.13573,-0.0215715,-0.0146803,-0.0101954,-0.0851971,0.0224484,0.0311947,-0.0733048,0.0193241,-0.106183,-0.061035,-0.0258637,-0.0925624
282set,IA2132Goodman-Buckler,-0.0394263,0.0618877,-0.0708015,-0.0174994,0.00168821,0.030227,-0.162536,-0.119008,-0.0538025,-0.0102164,-0.00533654,-0.045713,0.00778205,0.0373777,-0.0946509,-0.000354263,-0.103414,-0.0333158,0.0243026,-0.0688841
282set,Ia5125,-0.0493669,0.0758533,-0.0781142,-0.00916949,-0.0189671,0.0576707,-0.205805,-0.121806,-0.015772,-0.00955682,-0.0132557,-0.0553682,0.015966,-0.0154229,-0.0872911,0.0397808,-0.147573,-0.0107939,-0.0123051,-0.0593026
282set,IDS28,-0.0221509,0.0819978,-0.113797,-0.0338584,0.0384741,0.0358001,0.0211462,0.00118848,0.0172916,-0.0370317,0.0141309,-0.0016443,0.00377694,-0.00490623,-0.00882843,0.00432727,-0.0416647,0.028692,0.00999329,-0.0264572
282set,IDS69,-0.0285671,0.107321,-0.288672,-0.091742,0.116829,0.06321,0.192569,0.126035,0.0125729,0.0109834,-0.000727012,-0.0369012,0.0263765,-0.00045221,-0.0143067,-0.0158221,-0.011444,0.016985,0.0156625,-0.00134603
282set,IDS91,-0.0283982,0.107407,-0.287714,-0.0949008,0.119546,0.061246,0.194464,0.12864,0.00734978,0.0106864,-0.00120062,-0.035932,0.0232054,0.00076696,-0.0134468,-0.0152853,-0.00744758,0.0100306,0.0130801,0.00267056
282set,Il14H,-0.0490634,0.104498,-0.123919,-0.0264782,-0.00927537,0.0704395,-0.251816,-0.132679,-0.0282574,0.00589176,0.00031287,-0.0838665,0.0539188,0.00376281,-0.114162,0.0406589,-0.126891,-0.0558669,-0.0159689,-0.0935276
282set,Il101,-0.0619446,0.125257,-0.129167,-0.0388595,-0.0106763,0.0774255,-0.310267,-0.134293,0.0103137,0.00679229,-0.000491381,-0.0803552,0.0488884,-0.0066538,-0.071817,0.0214624,-0.135416,-0.00940422,0.00941492,-0.0451407
282set,ILLHy,-0.0520952,-0.00592851,0.00649877,0.00585998,-0.0138557,-0.0102534,0.0459889,-0.0562362,0.00972373,-0.0658604,-0.00814636,-0.0149027,-0.00613222,-0.0168365,-0.0344249,0.00462181,-0.0183363,-0.0115586,-0.0017542,-0.0300577
282set,K4,-0.0190155,0.0161168,0.00644289,0.0119064,-0.00994278,-0.00632465,0.0311013,-0.0319403,0.00505538,0.0149822,-0.0130285,0.0520602,-0.0321712,-0.0364926,-0.0142833,-0.0151878,0.0156238,0.00521284,-0.0118781,0.00076196
282set,K55,-0.00206345,0.0291189,0.00382193,0.00853275,-0.00648292,-0.00322277,0.017378,-0.00567647,-0.0528343,-0.0309908,0.0130393,0.115547,-0.0636289,0.0011997,0.104241,0.024778,0.0339761,-0.016372,0.021614,-0.0312897
282set,K64,-0.0103036,0.0297666,-0.0150823,0.02815,-0.00778706,0.0119752,0.00409161,-0.0498631,-0.0868963,0.000233339,-0.0136148,0.0582229,-0.101619,0.0380373,0.131711,0.147174,-0.00827706,-0.312772,0.121136,0.162214
282set,K148,-0.00740182,0.0230721,-0.000625524,0.0140875,-0.0126269,-0.0071809,0.019719,-0.0321299,-0.0220991,-0.0161498,-0.0117504,0.0594494,-0.035934,-0.013242,-0.00450147,-0.0136183,0.0162909,0.00313019,0.00729666,0.00882244
282set,KI3,0.0889407,-0.0355036,-0.0104543,0.0556314,0.0476695,-0.0375564,-0.0124107,0.0186943,0.0626197,-0.0594908,-0.294653,0.0173234,0.125192,0.0966062,-0.0377229,0.0771888,-0.105869,0.05406,-0.132598,0.181717
282set,Ki11,0.0735333,-0.0233472,-0.0022555,0.0533396,0.0335344,-0.01359,-0.00748242,0.0187148,0.0293258,-0.0080314,-0.170373,0.0120865,0.0754599,0.0750355,-0.00347078,0.0458794,-0.0642964,0.0415679,-0.0446383,0.0770655
282set,Ki14,0.0760844,-0.0303837,-0.00215793,0.0535891,0.0370887,-0.0231045,-0.0144218,0.0201708,0.0557557,-0.049096,-0.272761,0.0289841,0.138031,0.0713303,-0.0314195,0.073262,-0.0986024,0.0583527,-0.11135,0.177615
282set,Ki21,0.0504332,0.00881803,0.0504866,0.0211563,0.0569307,-0.00995008,0.00965315,-0.00445049,0.0494873,-0.0567032,-0.185576,-0.0475138,0.034485,0.0940199,-0.124671,-0.00964354,-0.0186866,0.0378054,0.0823971,0.129222
282set,Ki43,0.0753996,-0.0173322,-0.00743814,0.0558072,0.0318447,-0.0183055,-0.015372,0.0201336,0.024636,-0.0371526,-0.146101,-0.00205874,0.0729673,0.0507334,-0.0366562,0.0358021,-0.0461884,0.0153861,-0.0585136,0.110583
282set,Ki44,0.0655789,-0.022157,-0.00267495,0.0323367,0.0191671,-0.034143,-0.013991,0.0308801,0.0141649,-0.00108773,-0.0637276,0.0117813,0.0555606,0.0235251,-0.0286834,0.00960268,0.00743532,-0.0128687,-0.0572905,0.0317135
282set,Ki2021,0.0823241,-0.0292192,-0.00220447,0.0562976,0.0468784,-0.024719,-0.00859149,0.0231867,0.0538124,-0.0505397,-0.292566,0.0254682,0.135008,0.0919742,-0.0200375,0.0897966,-0.0988563,0.0598874,-0.119255,0.195717
282set,Ky21,-0.014737,0.0171999,-0.00341016,0.01032,-0.00653227,0.0162144,-0.01151,-0.0343302,-0.0332218,0.0106514,-0.00200905,0.0632186,-0.0347561,-0.0150184,0.0108857,0.0256511,-0.00343989,-0.0436539,-0.0019948,0.000692276
282set,KY226,0.00988715,-0.00697973,-0.0048803,0.0101792,0.0027267,-0.0390108,0.0114796,-0.0318049,-0.0132202,-0.0310492,0.0125402,-0.0546119,0.0518313,0.00872435,-0.0272017,-0.0331543,0.0236807,-0.0181435,0.0871871,-0.0268939
282set,KY228,-0.0111656,0.0236192,0.000998817,0.0181999,0.00198597,0.000568887,0.0149663,-0.0342349,-0.0206558,-0.0366326,0.00670002,0.0655773,-0.0430575,0.00595437,-0.0218898,-0.022517,0.0143763,-0.0162592,-0.0279828,0.0135088
282set,L317,-0.0190957,0.0519218,-0.00493948,0.00680417,-0.0256688,0.00770073,-0.0555936,0.00751248,0.0434318,-0.0249116,0.00976514,0.000697738,-0.0123824,-0.0446459,0.0200351,0.0105237,0.0262483,0.0629964,0.0192165,0.0655894
282set,L578,0.0213424,0.0135799,0.012427,0.0123157,0.0235111,0.00894589,0.00545716,-0.000538064,-0.0261011,-0.0297669,0.0203774,0.0833434,0.042033,-0.0528635,-0.030662,-0.0150944,-0.0343824,-0.00305717,0.0371066,-0.0243344
282set,M14,-0.0380255,0.0296495,0.0119845,-0.00925326,-0.0525321,-0.0427774,-0.000548431,0.0482127,-0.0134283,-0.0179706,0.00679457,0.000935525,0.0088486,-0.0105587,0.0280576,-0.00847159,-0.0073705,-0.00918598,-0.0495934,-0.0441073
282set,M37W,0.0285874,0.0096759,-0.0176967,0.0314171,0.0065176,0.000263631,0.00686727,-0.0151086,-0.0334018,-0.019953,-0.0491353,0.00255599,-0.0420502,0.0347993,0.0641991,0.0485327,-0.0114665,-0.102303,0.0591824,-0.0448395
282set,M162W,0.0216202,0.026368,-0.0108181,0.0467989,-0.00902848,0.0057575,0.00310379,-0.0384154,-0.0691679,-0.0339293,-0.0112352,0.0511306,-0.0736538,0.0311243,0.127868,0.137866,-0.0115154,-0.303059,0.14025,0.200109
282set,MEF156-55-2,-0.0325407,0.0885227,-0.0811451,-0.0294509,-0.00608605,0.0248703,-0.152356,-0.0830206,0.000368011,0.0102975,-0.0129353,-0.049093,0.0184094,0.00882206,-0.0324227,-0.00627467,-0.0548261,-0.0304054,0.00236413,-0.0448095
282set,MO1W,-0.0087549,0.0225377,0.0328241,0.0532116,-0.054046,-0.0294132,0.126388,-0.150139,0.00135667,0.0300335,0.126032,-0.160444,0.226306,-0.00800026,0.11494,0.0441366,-0.0399016,0.0220984,0.00249698,0.0395287
282set,Mo17,-0.0263289,0.0828138,0.144838,-0.0388048,0.0902866,0.0328895,0.0297605,-0.0282293,0.00659352,0.0051138,-0.0874627,-0.100762,-0.0828628,0.103096,-0.183416,-0.0715108,0.0664049,0.0258613,0.278921,0.0551285
282set,Mo18W,0.0408624,0.00348906,0.000935341,0.053563,0.015893,-0.0119715,0.0493392,-0.0783334,-0.023275,0.0374605,0.0830482,-0.0832819,0.129868,0.0356004,0.0957477,0.0337343,-0.0112386,-0.0650443,0.018675,0.00727253
282set,Mo24W,-0.00199649,0.0175595,0.00277449,0.0122667,-0.00599722,-0.00605346,0.00586749,-0.0319179,-0.00139189,0.00899805,0.00847623,0.0773283,-0.0256827,-0.0144553,0.0084667,-0.000600238,-0.00281084,-0.0146734,0.00995207,0.0123037
282set,Mo44,-0.037074,0.0233372,0.0326402,0.0100041,-0.0279759,-0.0127892,0.0689263,-0.0703677,0.0430244,-0.0310025,0.00427165,-0.0625055,-0.0417505,0.00527579,-0.114476,-0.0312029,0.10277,-0.0229673,-0.0552093,0.0198343
282set,Mo45,-0.0134786,0.0079359,0.0135385,0.0180671,0.000438345,0.0023868,0.0303555,-0.0294577,0.0962092,0.0476715,0.0217199,0.00161564,0.0127331,0.00790522,-0.0109932,-0.0119608,0.0119775,-0.0093508,0.0497594,-0.021974
282set,Mo46,-0.00794982,0.0167165,0.0300695,0.0100995,-0.00354884,-0.00920274,0.0297054,-0.00964702,0.0960316,0.026241,-0.00616674,0.00516754,-0.000498177,0.0106047,0.0109953,-0.0245833,0.025133,0.00655262,0.0201906,-0.0156538
282set,Mo47,-0.00936348,0.00608598,-0.0131918,-2.32922e-05,0.00344766,-0.0100181,-0.0122696,0.008765,0.070123,0.0568485,0.00727265,0.00316657,0.0120895,0.0103905,0.0395152,-0.0213118,0.0286754,-0.00556695,0.0449358,-0.00923632
282set,MoG,-0.0189473,0.0479981,-0.0155423,0.0149021,-0.0160399,0.0205673,-0.0504358,-0.0188731,0.00898336,-0.0272377,0.00866512,0.0334532,-0.0263485,-0.0334886,0.051013,0.00757767,-0.00197392,0.0514169,0.0241261,0.0434911
282set,Mp339,0.0164933,0.00681904,-0.00070804,0.0262741,0.00114352,0.015083,-0.00272267,-0.0108165,-0.0346611,-0.0146682,-0.00284398,0.0600612,-0.00727242,-0.00639923,0.00939348,0.0165865,0.000198904,-0.0143949,0.0165335,-0.0135568
282set,Ms71,-0.0310579,0.0280313,0.0150232,0.00799816,-0.0431328,-0.018934,0.0545654,-0.0483172,0.0583135,-0.0331864,-0.0324464,-0.00733285,-0.0936458,-0.0111663,-0.110376,-0.0396499,0.108918,-0.0225437,-0.141302,0.00795505
282set,MS153,-0.015411,0.0327941,0.00402433,-0.00198401,-0.0450183,-0.0299139,-0.0185739,-0.0100628,-0.0181907,-0.0369094,-0.0277498,0.0287821,-0.0357508,-0.00739916,-0.0208598,-0.00473089,0.000827981,-0.0342929,-0.0490602,-0.0354854
282set,MS1334,-0.0122818,0.0370002,-0.0080442,0.00650732,-0.000811111,-0.00624473,-0.0148178,-0.0397468,-0.0375483,-0.0129324,-0.0342666,0.0399477,-0.0826343,0.0119054,0.0268187,0.00159457,-0.010353,-0.0114582,-0.0172091,-0.0168762
282set,Mt42,-0.0195503,0.031226,-0.0278665,0.019519,-0.0197453,0.00486684,0.00620619,-0.0372477,0.0108316,-0.062456,-0.0117323,0.0514751,-0.0713824,0.0019262,0.0649053,-0.0257167,-0.0201987,0.062363,-0.00440279,-0.0103406
282set,N6,-0.0282832,0.0480198,-0.0195427,-0.0050499,-0.00732634,-0.000531817,0.0239908,-0.0145278,0.0384149,-0.0342552,0.0101804,0.0262398,-0.0405837,-0.00261917,0.0223977,-0.00210525,0.0229724,0.0311727,-0.0132722,0.0357688
282set,N7A,-0.0620742,-0.0305143,0.00931345,0.0211777,-0.0344314,0.0292641,0.0251901,0.00344114,0.0113475,-0.0245851,-0.00975352,0.0308663,-0.0591542,-0.000593342,-0.0210212,-0.00186925,-0.00679123,-0.00597743,-0.0764981,-0.0378789
282set,N28Ht,-0.0483653,-0.0362645,0.00912138,0.0163156,-0.0327455,-0.00311335,0.0132564,-0.0223957,0.0504298,-0.0296841,-0.0154644,0.000569218,-0.027712,-0.00577318,-0.0693679,-0.0257866,0.0266378,-0.0199896,0.0557717,-0.00943132
282set,N192,-0.113087,-0.156336,-0.00115582,-0.0166049,0.0344595,0.0207807,-0.0215507,0.0133952,-0.107717,-0.0673092,-0.00185253,-0.0362907,-0.00506312,-0.00956689,0.0176999,-0.000267102,0.00443236,0.0142054,-0.00995946,0.00668267
282set,NC33,0.00124403,0.0317156,0.00110118,0.021938,-0.0127956,-0.00232528,0.0078077,-0.0129368,-0.0232225,-0.0237479,0.0330666,0.0849073,0.0141447,-0.0374221,-0.000411925,0.0164995,-0.0213051,-0.0223135,0.00511961,-0.00126748
282set,NC222,-0.00942483,0.0322691,-0.00503674,0.0137755,-0.0202819,0.00488607,-0.0139693,-0.00859028,-0.0177352,0.0213232,-0.00569706,0.0466463,0.00841313,-0.0434767,0.0247761,-0.00852,-0.0177948,0.0131181,0.0301951,0.0432526
282set,NC230,-0.00293671,0.0334541,-0.00457329,0.00701149,0.00359364,-0.00181437,0.00956888,-0.0277568,-0.0528968,-0.0180073,0.0128391,0.10039,-0.0515551,-0.0035442,0.0746541,0.0125913,0.0353282,-0.0106693,0.0170784,-0.0164495
282set,NC232,0.00540741,0.00905555,0.0108027,0.0424975,-0.00330868,-0.0148471,0.0411795,-0.0528077,-0.00874766,0.0265698,0.030386,-0.00643079,0.043361,0.0101703,0.0253837,0.0226697,-0.00990789,0.0157949,-0.00472461,-0.0110467
282set,NC236,-0.0116486,0.0301574,-0.00350268,0.012584,0.00461122,0.00350505,0.0330977,-0.0281429,-0.0138924,-0.0319951,0.00212888,0.0457351,-0.0355619,-0.0092958,0.00126319,0.0189633,-0.00831656,2.74956e-05,0.0106996,0.00984652
282set,NC238,0.00776289,0.00907661,0.0206892,0.0288993,-0.00833514,0.00616079,0.00669567,-0.0247538,0.0329328,-0.0334608,0.0245555,0.176015,0.142803,-0.341645,-0.123805,-0.0621516,-0.0437248,-0.0597176,0.100433,0.0548019
282set,NC250,-0.0402528,-0.049375,-0.0138108,-0.0873057,0.0603853,-0.140098,-0.0339848,0.0130336,0.250093,0.215791,-0.00156402,0.112264,-0.00879345,0.0768698,0.0462432,0.0142401,-0.0631987,-0.0537768,0.0260562,-0.0405146
282set,NC258,-0.0309,0.0983131,0.172139,-0.0599107,0.144583,0.087732,-0.0258404,0.0858127,0.0307496,-0.0342982,0.0316568,-0.0245967,0.0260396,-0.0632567,0.0171626,0.0107596,-0.0024,-0.0287681,0.00492874,0.030076
282set,NC260,-0.0198132,0.0325723,0.0586483,-0.00210096,0.00769932,-0.00130734,0.0521649,-0.0420078,0.0494557,-0.0269853,-0.0268956,-0.0638066,-0.0518457,0.0113952,-0.124877,-0.0416805,0.0935025,-0.0267741,-0.0389107,0.0254287
282set,NC262,-0.0239689,0.100502,0.182942,-0.0696631,0.176297,0.0884133,-0.0349718,0.0927486,0.0672304,-0.0783955,0.0738233,-0.0363949,0.0149159,-0.0205169,0.0620572,0.0359826,-0.0165571,-0.0212303,-0.0819934,-0.0125588
282set,NC264,0.0385641,0.0226187,-0.0105755,0.0226775,0.0255403,0.0317396,-0.0313832,-0.0158573,-0.145082,0.0210248,0.226065,0.279682,0.15096,0.274262,-0.185517,0.0456445,0.0643395,0.105794,7.66775e-05,0.059656
282set,NC290A,-0.0236623,0.102713,0.194184,-0.0737378,0.187895,0.0876709,-0.0334281,0.0959105,0.0710041,-0.0928769,0.0714606,-0.0330903,0.0186143,-0.00308755,0.0660678,0.0442507,-0.0359219,-0.0252171,-0.0753298,-0.0319117
282set,NC294,-0.0915771,-0.120068,-0.0195211,-0.103191,0.0967571,-0.123058,-0.0496009,0.00413865,0.0762145,0.0968343,0.0157795,0.0470472,0.0174792,0.00826803,0.0279828,-0.00452795,-0.00493629,-0.00977799,0.0171921,0.00316786
282set,NC296,0.145261,-0.0718817,0.0189729,-0.250742,-0.115818,0.0959104,0.0153531,-0.0382247,-0.00948873,-0.00742927,-0.000566329,-0.0254378,-0.0183123,-0.00393731,0.0139522,-0.0203699,-0.00182848,-0.00867384,0.0124858,0.0192012
282set,NC296A,0.139774,-0.0720942,0.0177796,-0.243263,-0.112017,0.0923016,0.0151435,-0.0393516,-0.0117552,-0.0076729,-0.000770781,-0.0253011,-0.0186615,-0.00449416,0.0127795,-0.0209074,-0.00219484,-0.0100398,0.0133377,0.0182172
282set,NC298,0.136311,-0.0673102,0.0157418,-0.201961,-0.0963393,0.0720104,0.0104872,-0.0256735,0.00714371,0.011813,0.0550113,-0.00103963,-0.0245733,0.00621828,-0.0410208,0.0427641,-0.0182918,0.0405073,-0.0366973,0.0504451
282set,NC300,0.0997935,-0.0342358,0.00223562,-0.0206864,0.00562454,-0.00115064,0.00613775,-0.00146749,0.0112658,-0.00401014,-0.0513069,-0.0140255,0.0505401,0.0234815,-0.00884979,-0.080837,-0.0276791,-0.0217793,0.0255662,-0.220783
282set,NC302,0.119838,-0.0597766,0.0103225,-0.138366,-0.0684925,0.0581326,0.00708235,-0.0301468,-0.00680618,-0.00142222,-0.0298126,-0.0101781,0.015017,-0.0149411,0.045362,-0.00977135,0.0322204,-0.0174933,0.0297332,-0.0120986
282set,NC304,0.11267,-0.0508634,0.0126709,-0.101174,-0.0497901,0.0354998,6.4796e-05,-0.0159914,0.00318185,0.00177933,-0.0384826,0.00259797,0.0284887,-0.00330851,0.0417944,-0.0082724,0.0274094,-0.0283884,0.0310604,-0.0291618
282set,NC306,-0.0946548,-0.142519,-0.0222401,-0.0869764,0.112246,-0.105582,-0.0386282,-0.0308866,0.0122749,0.0241195,-0.0205251,0.0258461,-0.0112949,0.0144402,0.00751694,0.00318926,-0.0125284,-0.0116175,-0.0171164,-0.0213129
282set,NC310,-0.1088,-0.169997,-0.00972779,-0.0703711,0.087427,-0.093267,-0.0195208,-0.00826733,-0.0487647,-0.0393719,-0.0139786,-0.0191824,0.00186867,-0.00817864,-0.00754715,0.00982235,-0.00718075,0.00484714,-0.0142393,-0.00242828
282set,NC314,-0.0800462,-0.0960011,-0.0184498,-0.0939429,0.0899531,-0.129304,-0.032803,-0.00283169,0.145759,0.135969,0.00797081,0.0632143,0.00722252,0.0500486,0.0380468,-0.00444991,-0.0318205,-0.0149729,0.0518737,-0.0213741
282set,NC318,0.0256419,0.0175782,-0.0113279,0.033507,0.0289752,0.0259001,-0.0161611,-0.0158178,-0.130985,0.0120446,0.209106,0.278003,0.143202,0.242278,-0.174214,0.0434459,0.0636006,0.0828466,-0.00418179,0.0477247
282set,NC320,0.0334202,0.00944876,0.00440789,0.0245939,0.0230037,0.0250607,-0.00455281,-0.0116751,-0.135302,0.0186122,0.216067,0.278419,0.136734,0.2549,-0.176178,0.0401361,0.0572658,0.0878748,-0.0118175,0.0574544
282set,NC324,-0.0711076,-0.0984736,-0.0195346,-0.101001,0.0990523,-0.147479,-0.0347506,-0.00580587,0.179853,0.148746,-0.00573287,0.0830667,-0.00521487,0.0526114,0.0324141,-0.00958942,-0.0365998,-0.0199428,0.0374751,-0.0327511
282set,NC326,-0.124546,-0.179932,-0.0177926,-0.0608822,0.0959302,-0.0510929,-0.0200633,-0.0176719,-0.114338,-0.0694628,0.0113228,-0.0412498,0.0164964,-0.0309317,0.00751585,0.00914198,0.0212636,0.0133248,-0.0133691,0.0235205
282set,NC328,-0.107777,-0.168997,-0.00718458,-0.0760603,0.0967043,-0.0930532,-0.0292583,-0.0126137,-0.0807249,-0.0526927,-0.0131412,-0.0246249,0.00797511,-0.0176924,-0.0031445,0.0140259,-0.00613345,0.00871446,-0.0245153,0.00846548
282set,NC336,0.144333,-0.0767396,0.0156902,-0.243721,-0.114096,0.0911358,0.0132687,-0.0382666,-0.00357356,0.00868073,0.0190865,-0.0179574,-0.0299511,-0.0177177,-0.0178821,0.0203835,-0.00895005,0.0177477,-0.0196127,0.0622934
282set,NC338,0.123532,-0.0578186,0.00392715,-0.152099,-0.0705906,0.0532498,0.00818366,-0.0212101,0.00211872,0.00154464,0.0117941,-0.010178,-0.0200513,-0.00972333,-0.00243806,0.00950359,-0.00575818,0.0079861,-0.0115785,0.0216019
282set,NC340,0.0993714,-0.0330681,-0.00616366,-0.0128969,0.0152832,-0.00501943,-0.00112337,-0.0010451,0.0215907,-0.0011082,-0.0547986,-0.0140314,0.0523239,0.0290521,-0.00322837,-0.0858495,-0.028484,-0.021591,0.0285442,-0.225983
282set,NC342,-0.0246217,0.0920757,0.176902,-0.0669935,0.156926,0.0772892,-0.0177503,0.0887839,0.0380329,-0.0641664,0.0428653,-0.0357811,0.0119017,-0.0245397,0.040915,0.017428,-0.00719592,-0.0243253,-0.0258909,0.0090374
282set,NC344,-0.0275152,0.0977335,0.181935,-0.0654547,0.157856,0.0844,-0.0204181,0.0883621,0.0206634,-0.035922,0.0318612,-0.0269394,0.0185215,-0.0486175,0.0269073,0.0130517,0.00106203,-0.0310552,3.47423e-05,0.025955
282set,NC346,0.147638,-0.072994,0.0164951,-0.251439,-0.11821,0.0960463,0.0163605,-0.0395742,-0.00881357,-0.00720173,-0.00231427,-0.0253205,-0.0170435,-0.00463538,0.0122392,-0.0195699,-0.000774916,-0.00830377,0.0135677,0.0185262
282set,NC348,0.133293,-0.0629008,0.0160627,-0.197558,-0.0845866,0.0729877,0.00869462,-0.022523,0.00215226,-0.000165793,0.0769672,0.0202289,-0.0113249,0.0201755,-0.0478417,0.0487069,-0.0194238,0.0462378,-0.043738,0.0485319
282set,NC350,0.108857,-0.0566693,0.0108582,-0.106248,-0.0526831,0.0427345,0.000707552,-0.0213223,0.00620157,0.00869457,-0.0336227,0.00261261,0.0345118,-0.0100696,0.0400446,-0.0243949,0.0320571,-0.0380313,0.0148011,-0.0181565
282set,NC352,0.145032,-0.0762487,0.0153711,-0.243584,-0.11538,0.0941325,0.012633,-0.0386544,-6.49238e-05,0.00750808,0.0182734,-0.0204134,-0.0302116,-0.0164749,-0.0180282,0.0198226,-0.00795986,0.0170315,-0.0201347,0.0611675
282set,NC354,0.121505,-0.0615238,0.0084018,-0.149829,-0.0717546,0.0555572,0.0114844,-0.0196509,-0.00866814,-0.00880095,-0.0275157,-0.00742478,-0.00446749,-0.0214656,0.0143485,0.0109741,-0.000276126,0.00698104,0.0193538,-0.00898334
282set,NC356,0.0981019,-0.0361965,0.00822731,-0.0654629,-0.0321383,0.019465,-0.00135723,-0.0116553,-0.0169434,-0.00298265,-0.00951208,0.0406644,0.0287458,0.00830341,0.00806322,-0.0125935,0.0208707,-0.0180038,0.0462201,-0.0394685
282set,NC358,0.0864449,-0.029447,-0.00382412,-0.0217184,-0.00709601,0.0116022,-0.00212436,0.006791,-0.0207533,-0.0201186,-0.0182336,0.028934,0.027448,-0.00608283,0.0234784,-0.0164698,0.0116629,-0.0302603,0.0382644,-0.0554206
282set,NC360,0.0342915,0.0513492,0.138656,-0.0470825,0.142669,0.0708173,-0.0170594,0.0616497,0.0435067,-0.109744,0.0940475,-2.11456e-05,0.0402862,0.053825,0.0214399,0.0523019,-0.0635505,-0.0168218,-0.0823764,-0.0918708
282set,NC362,0.0175545,0.0752233,0.152724,-0.0648611,0.164175,0.0781967,-0.0302229,0.0901376,0.0638251,-0.0999972,0.115387,-0.00337616,0.051381,0.0272642,0.0714424,0.0463614,-0.0659728,0.000230755,-0.118817,-0.0787883
282set,NC364,0.0184541,0.0667918,0.159366,-0.05062,0.165771,0.0849627,-0.0193501,0.0686804,0.0391602,-0.123005,0.112308,-0.00729073,0.0467936,0.054191,0.039837,0.0580516,-0.0643677,-0.0144823,-0.10698,-0.0981888
282set,NC366,0.0308444,0.0152062,0.0447565,0.0144847,0.0520168,0.00189419,-0.00141453,0.0394755,0.016179,0.00143947,-0.0142987,0.0224846,0.00441894,-0.0459296,0.0371804,0.00731968,0.0119579,-0.00712045,-0.0100744,0.00448746
282set,NC368,-0.0819158,-0.130396,-0.020301,-0.0792163,0.087262,-0.0931184,-0.0315869,-0.0105571,0.0417878,0.0677982,0.00309082,0.0397728,0.00658568,0.0204868,0.0197927,0.0145015,-0.0177286,-0.0363542,-0.0147534,-0.022932
282set,ND246,-0.0234117,0.0516992,-0.0203334,-0.00412059,-0.0253299,0.00432584,-0.0277601,-0.0243266,0.027153,-0.0159473,0.00462452,0.0286069,-0.0243612,0.0115377,0.0771927,-0.00806659,0.094712,0.0349432,-0.0384824,0.0502209
282set,OH7B,-0.0398031,0.00273566,0.0134706,0.0185337,-0.0471513,0.00782339,0.023142,-0.0143894,0.0467323,-0.0071185,-0.000360104,0.0338218,-0.0390244,-0.0214036,-0.0383963,-0.0182499,0.0229736,-0.026126,-0.107805,-0.0238774
282set,Oh40B,-0.0366026,0.0761841,0.0268359,-0.0533267,-0.114211,-0.112138,-0.0877701,0.179088,-0.0379105,0.0194023,0.0213092,-0.040689,0.0537148,-0.0425987,-0.0456625,0.012312,0.00253768,-0.0124198,0.0091502,0.0458848
282set,Oh43,-0.0466656,0.0792384,0.0315185,-0.0538086,-0.185461,-0.172589,-0.0641614,0.256538,-0.102997,-0.0216305,-0.00662435,-0.0537335,0.0619268,0.0354891,-0.00929942,0.0155429,-0.0181783,-0.020811,0.0378136,-0.00500532
282set,Oh43E,-0.0457968,0.0777962,0.0312232,-0.0460308,-0.176603,-0.170437,-0.0405202,0.216997,-0.0807684,-0.00968753,0.0102956,-0.0632699,0.08348,0.0387191,0.0172024,0.0214663,-0.030856,-0.00868856,0.0322773,-0.00875869
282set,Oh603,0.00924176,0.00844488,0.0311564,0.0127465,0.00462713,-0.00490261,0.0308139,-0.0388589,0.0132473,0.0264064,-0.0143712,-0.00357285,-0.00177278,-0.0259768,-0.0161814,0.00128288,0.00345183,-0.000578512,-0.0197915,-0.0290216
282set,Os420,-0.0326687,0.0134489,-0.00143807,0.00599495,-0.0306966,-0.0251254,0.0647939,-0.0614117,0.0388908,-0.0150436,0.0110994,-0.00820063,-0.0746049,0.00861831,-0.0560052,0.0146916,0.0290187,0.0130129,-0.105491,0.0036758
282set,P39Goodman-Buckler,-0.0625733,0.126527,-0.130068,-0.0446685,-0.00779772,0.0691491,-0.309491,-0.133461,0.0183145,0.0222887,-0.00587624,-0.0900445,0.0450511,-0.00523503,-0.0872016,0.0163242,-0.130895,-0.0303424,0.0228977,-0.036614
282set,Pa91,-0.0471129,0.0574047,0.0306871,-0.0186143,-0.104507,-0.0935407,0.0374029,0.0130856,0.0533619,0.0195735,0.0662758,-0.100503,0.13596,-0.0269567,-0.00501003,-0.0144219,0.034796,0.0224226,-0.0540216,0.0562831
282set,Pa762,-0.0387711,0.0788552,0.029933,-0.0497648,-0.154439,-0.150433,-0.0645031,0.229639,-0.0996519,0.01034,-0.0115435,-0.0334653,0.0683217,0.00273456,-0.00957784,0.000485795,-0.0194393,-0.014108,0.0354707,-0.0103224
282set,Pa875,-0.00831041,0.0245293,0.00493033,0.0183463,-0.0148162,-0.0356921,0.0643892,-0.0826136,0.0241101,-0.0129541,0.0503351,-0.0786448,0.0781886,-0.00355182,0.0750948,0.0179507,0.0183405,-0.0321796,0.0211433,0.073129
282set,Pa880,-0.0131682,0.0218246,0.0326341,0.0245101,-0.00537171,-0.00355074,0.049387,-0.0639494,-0.0176885,-0.0190306,0.0257059,-0.070555,0.0532832,0.0229617,0.073562,0.0664713,-0.0347372,-0.0711313,0.00105324,-0.000261314
282set,R4,-0.039239,0.0217496,0.0244279,-0.000735543,-0.0572056,-0.0473741,0.0558867,-0.0395925,0.0212461,-0.0606108,-0.0215303,-0.0213451,-0.0526379,0.00150692,-0.0847618,-0.0157692,0.0592091,-0.0267557,-0.0885204,0.00409932
282set,R109B,-0.0146194,0.027953,-0.00165876,0.0167559,-0.0453121,-0.0204134,0.0240278,-0.0246654,3.6908e-05,-0.0560546,-0.0376552,0.0423666,-0.0748286,-0.011283,0.0167809,-0.0198399,-0.0174382,0.0408891,-0.0252936,-0.0311447
282set,R168,-0.0380881,0.055005,0.0566392,-0.0150811,-0.00173806,0.00164647,0.00769776,0.00247477,0.041341,0.00317211,-0.0295833,-0.044255,-0.0451082,0.0242619,-0.0785069,-0.0537393,0.0590137,0.0270544,0.0900176,0.0477529
282set,R177,-0.0312459,0.0550346,0.00783092,-0.0115302,-0.0803839,-0.052209,0.00457676,0.0608885,0.026677,-0.0411996,-0.0165596,0.025624,-0.0363665,-0.029638,-0.0393454,-0.0310517,0.0288629,0.0027737,-0.0471299,0.00198041
282set,R229,-0.108877,-0.167023,-0.0125773,-0.0576739,0.0953262,-0.0538317,-0.0237154,-0.019964,-0.132961,-0.0773813,0.0132498,-0.0418682,0.0263546,-0.0341227,0.00456274,0.0084422,0.0255716,0.0165561,-0.00108724,0.0278826
282set,SA24,-0.0182961,0.0950189,-0.230228,-0.0673106,0.0922811,0.0536903,0.144095,0.0939843,-0.00776368,0.00170663,-0.00572379,-0.0387826,0.0175767,-0.0155411,-0.00891172,0.0152535,-0.0157629,0.025492,0.00139093,0.00915666
282set,SC55,0.025322,0.0162056,-0.00119214,0.0182868,0.0147216,0.00234477,0.00382043,-0.0180446,-0.018657,0.00096888,-0.00866209,0.0393054,-0.00751894,-0.0132965,0.00635549,0.00527456,-0.00386574,0.0151573,0.0113259,-0.00565208
282set,SC213R,0.00802754,0.0313995,0.0235488,0.019252,0.00190945,0.00551943,-0.00692865,0.010617,0.0560556,-0.0443123,0.0444764,0.195202,0.144256,-0.347973,-0.0735383,-0.0676204,-0.0591174,-0.0293424,0.0983014,0.0648666
282set,SC357,0.00822578,0.00557125,-0.00493431,0.0290904,0.00574151,0.018066,0.0110861,-0.0217882,-0.0280048,-0.0104322,-0.00723831,0.0953683,0.0348148,-0.120215,-0.0349645,-0.0237148,-0.000436254,-0.0227254,0.0200267,0.00296188
282set,SD40,-0.0474291,-0.00997779,0.0258362,-0.0122849,-0.0304666,-0.0257229,0.0224961,0.00575621,0.0631574,0.0361035,0.00866585,0.0314084,-0.0362438,0.0763946,0.0456474,0.0543993,-0.0845208,0.000225187,0.0129596,-0.0798912
282set,SD44,-0.0318784,0.0194019,0.0154798,0.0144479,-0.0384605,-0.028997,0.0879444,-0.0643499,0.0219278,-0.0145006,0.0403608,-0.0666303,0.0670498,-0.0162522,0.021151,0.0245933,-0.0313277,0.0340231,-0.0266475,-0.00684165
282set,Sg18,-0.0265677,0.0784547,-0.22494,-0.067034,0.0830805,0.0549453,0.163073,0.0887711,-0.0349934,-0.0106413,-0.0111747,-0.0171317,-0.00995158,0.00666225,-0.0279776,-0.00182278,-0.000164479,-0.0299153,-0.0200548,-0.0230054
282set,Sg1533,-0.0180027,0.0727518,-0.191006,-0.053681,0.072307,0.0460922,0.148464,0.069958,-0.0623353,-0.0079039,-0.0245411,-0.0196084,-0.0174148,-0.0131902,-0.0212684,-0.00838641,-0.00125762,-0.0239066,-0.0199449,-0.0232625
282set,T8,-0.0102352,0.0467286,0.0551535,0.0105086,0.0176009,0.0145131,0.0570687,-0.0529083,-0.229076,0.297966,-0.130844,0.0339066,-0.0323504,-0.0644339,0.00137739,-0.00994512,-0.0392355,0.0523675,-0.0642863,-0.0460453
282set,T232,-0.00579631,-0.00566721,-0.011607,0.023154,-0.0134166,0.00843249,-0.00502011,-0.00646576,0.0490577,0.037557,-0.000333343,0.0531851,-0.0431067,-0.0345438,-0.0165631,0.0169684,0.00182935,-0.0188594,-0.0508685,0.0066719
282set,T234,-0.0081528,0.0190239,0.00976775,0.0282835,-0.027146,-0.00275982,0.0186376,-0.0375576,-0.0288331,-0.0183569,-0.00629925,0.0431656,-0.0333919,-0.0132918,0.0258704,0.00322012,-0.0107147,-0.00448928,-0.0270451,-0.0373183
282set,Tx303,0.0355383,0.0023861,0.0012133,0.0374071,-0.00593375,-0.020999,0.0101817,-0.00658478,-0.0123139,-0.0115461,0.0121103,0.0205718,-0.0135025,0.00395304,0.0224389,-0.0172033,-0.00978752,-0.0241112,0.033277,-0.0170093
282set,Tx601,0.0794474,-0.0248032,-0.00774811,0.0276702,0.0208879,-0.0139866,-0.0149557,0.0150562,-0.0430555,-0.0030725,0.0925353,0.0799787,0.0549662,0.109255,-0.0570675,-0.00310969,0.0192291,0.0623998,0.00204843,0.00799423
282set,Tzi8,0.0716951,-0.026912,-0.00379618,0.0505612,0.030881,-0.012685,-0.00916734,0.006914,-0.00526243,0.0106522,-0.00250914,-0.0069576,0.0109434,-0.010309,0.0346212,-0.0155675,0.0238618,-0.0123787,0.0300153,-0.0469287
282set,Tzi9,0.0724212,-0.0231264,-0.0050726,0.0485,0.0147018,-0.0168603,-0.00500577,0.0168837,0.00489913,-0.0101234,-0.0524364,-0.00212346,0.0208189,0.00743952,0.0235751,-0.0102096,-0.002202,-0.0277278,0.02026,-0.0717492
282set,Tzi10,0.074257,-0.0265043,-0.00957587,0.0591952,0.0358368,-0.0164286,-0.0240308,0.012862,-0.0194262,-0.0188706,-0.0102978,-0.0160191,0.00182564,0.00268553,0.0528239,-0.0344646,0.0287426,0.0117147,0.0273388,-0.0501318
282set,Tzi11,0.0537113,-0.0250072,-0.00307421,0.0363201,0.0172957,-0.0198804,-0.0110905,-0.00441975,0.000343908,-0.0116617,-0.0269508,0.0224752,0.0182093,-0.0286487,-0.0150202,-0.0193409,0.0309472,-0.0152842,-0.00159236,-0.0238567
282set,Tzi16,0.0328042,-0.0229355,-0.000150954,0.0405591,0.00905117,-0.0287502,0.0097008,-0.0130593,0.0287427,-0.0220261,-0.0231225,0.000563282,0.000771366,-0.0123995,-0.0339713,-0.0466999,0.0200028,-0.032679,0.0694108,-0.0702795
282set,Tzi18,0.0766134,-0.0344665,-0.00982518,0.0558274,0.0308089,-0.0208279,-0.020863,0.0162255,-0.0116564,-0.0191317,-0.0176075,-0.0109037,0.0189055,0.0111241,0.0236557,-0.0397699,0.0140228,-0.00770844,0.0390497,-0.0324678
282set,Tzi25,0.0330143,-0.0459585,-0.00859144,0.0305454,0.0294131,-0.0266375,-0.011926,-0.00510719,-0.00847693,-0.0325278,-0.00230698,-0.0289216,0.0136107,0.0055155,-0.0318902,0.0215793,0.0398628,0.000704899,0.0462202,-0.0453108
282set,U267Y,0.0169168,0.0206116,0.0070706,0.0351309,-0.00522425,-0.0186045,0.0133283,-0.0351498,0.014892,0.00792144,0.036534,-0.0240344,0.0662435,-0.0230675,0.0764183,-0.00324073,-0.0130498,0.0359872,0.00645913,0.0217105
282set,Va14,-0.0270273,0.0513013,0.0563211,-0.0024522,-0.00498632,-0.0125729,0.0614315,-0.0720419,-0.103443,0.176903,0.0128438,-0.0456412,0.0994214,-0.0420083,0.0733512,0.0096967,-0.0380537,0.0550032,-0.0254515,0.0180451
282set,Va17,-0.0245795,0.0594538,0.0936272,-0.00156704,0.0222814,0.0070775,0.0766337,-0.0732356,-0.136579,0.22054,-0.0385134,-0.0528901,0.0532811,-0.0325982,0.0269923,0.00561114,-0.0279748,0.0516179,-0.0385408,-0.00809823
282set,Va22,-0.0122217,0.0435036,0.0784277,-0.00235307,0.0162249,-0.0092695,0.066783,-0.063916,-0.0964792,0.182127,-0.0518841,0.00835672,0.00666397,-0.0448167,0.000957642,-0.0113348,-0.0188417,0.024063,-0.0756091,-0.0366882
282set,Va26,-0.0387265,0.0504426,0.0231218,-0.0377855,-0.136163,-0.121526,-0.0448144,0.171575,-0.067218,-0.00356003,0.00850082,-0.0248473,0.00918854,0.0174061,-0.00662373,0.0316141,-0.0168739,-0.00109111,0.0150443,0.026595
282set,Va35,-0.0159691,0.0625602,0.0851646,-0.00390449,0.0479307,0.0391778,0.0441986,-0.0449464,-0.241517,0.303921,-0.144539,0.0111482,-0.0445376,-0.0519982,-0.0223424,-0.0180495,-0.0201071,0.0507554,-0.0447525,-0.0336811
282set,Va59,-0.0140172,0.0759206,0.116925,-0.0241358,0.0882839,0.0526107,0.0351312,-0.00709228,-0.17231,0.240954,-0.114815,-0.005081,-0.0496003,-0.0461351,-0.04414,-0.0315349,0.0114559,0.0176443,-0.0285299,-0.0135353
282set,Va85,-0.0264044,0.0559764,0.0190944,-0.0125479,-0.0457469,-0.029373,-0.0301642,0.0577258,-0.0231895,-0.0113796,-0.00255145,-0.0120354,0.015214,-0.0223992,0.0256308,-0.0133134,-0.003725,0.00428981,0.0339853,0.0162714
282set,Va99,-0.0535501,0.0264449,0.0215569,-0.00622014,-0.0724574,-0.0386503,0.0228503,0.0163829,0.0659593,0.00673787,0.0248834,-0.0367042,0.0473015,-0.0252,-0.017259,-0.00956809,0.0288777,0.0033113,-0.0559341,0.0369131
282set,VA102,-0.0142046,0.0577002,0.0892624,-0.00704612,0.0561732,0.0368263,0.0337395,-0.0260001,-0.194115,0.251221,-0.133082,0.00973605,-0.0360705,-0.0515773,-0.0212679,-0.0206558,-0.000154727,0.0236366,-0.0501582,-0.0233803
282set,VaW6,-0.00317129,0.0222982,0.0241372,-0.00187192,-0.0580818,-0.0564065,0.0104121,0.0556443,-0.0627358,0.0617956,0.00557901,-0.0274942,0.0122137,0.00913095,-0.0351185,0.0408515,-0.0149763,-0.00621403,0.0159543,0.0123472
282set,W22,-0.0323219,0.0188608,0.0187881,0.00734858,-0.0692603,-0.0255222,0.0312462,-0.0165527,0.0215048,-0.0649095,-0.0350293,0.0262557,-0.0613709,-0.0278648,-0.0873716,-0.0296928,0.0612311,-0.0568073,-0.15871,-0.0308276
282set,W64A,-0.0323256,0.0258327,0.0496879,0.0206015,-0.0393285,-0.0558936,0.127375,-0.129051,0.052723,-0.0225877,0.0393444,-0.128117,0.0833701,0.08681,-0.0428546,-0.0142481,-0.012475,0.0482762,0.160381,0.00499986
282set,W117Ht,-0.0139263,0.0272745,-0.00283584,0.00277404,-0.00858481,-0.0106647,-0.00651404,-0.0401047,-0.0205444,-0.00481872,-0.0352289,0.0266173,-0.0718504,0.0146965,0.0171839,-0.0210956,-0.0137923,0.0147341,-0.0119429,-0.0182224
282set,W153R,-0.0191756,0.0371426,0.00636241,0.0108153,-0.0649083,-0.0399628,-0.0144264,0.0347997,-0.0149826,-0.062556,-0.0213058,0.0207893,-0.0570311,0.00792286,0.000951552,0.00288423,0.0210126,0.0385183,-0.0385441,-0.0208009
282set,W182B,-0.0373979,0.0324805,0.00590381,-0.00253324,-0.0478969,-0.0129331,-0.00150088,-0.0288183,0.00604982,-0.044951,-0.0111068,0.0189832,-0.0444408,-0.0088649,-0.0350757,-0.0105168,0.0245668,-0.0621772,-0.125701,-0.0260317
282set,WD,-0.0230191,0.0579497,-0.015377,-0.00891371,-0.0157381,-0.00784974,-0.0262043,-0.0242673,0.0243291,-0.0280785,-0.00573132,0.0154778,-0.0307253,0.0167018,0.0460296,-0.00396033,-0.0106221,-0.0220308,-0.0434233,-0.0258695
282set,Wf9,-0.03592,0.0343784,0.0460876,0.0430972,-0.0676533,-0.0360582,0.145476,-0.176145,0.0128737,0.0301622,0.118457,-0.170834,0.216645,0.00123166,0.0838596,0.0377231,-0.0433939,0.0568751,-0.00581928,0.0334518
282set,Yu796,-0.0175877,0.0463026,0.0682141,-0.0174664,0.0487123,0.030984,-0.00654886,-0.0114626,-0.00808937,-0.003471,-0.0143663,0.014073,-0.0534197,-0.000184781,0.00239107,0.00758808,0.0351255,0.000454601,0.0107233,0.0355366
